id,type,category,category_name,channel,message,label,target_behaviour,notes
SA-CLS-1-F001,classification,1,Phishing and fake bank alerts,SMS,"Classify the following message as scam, suspicious, or safe and briefly explain your reasoning.

Message: GTBank: Acct ***4521 DEBITED ₦5,000.00 on 12-Jun-26. Desc: POS SHOPRITE IKEJA. Avail Bal: ₦45,200.50. Unauthorised? Call 07003000000 or visit gtbank.com",safe,classify_safe,Standard GTBank transaction alert format. Official customer number. Balance provided. No link. No credential request. No urgency trigger. Masked account number is correct practice.
SA-CLS-1-F002,classification,1,Phishing and fake bank alerts,SMS,"Classify the following message as scam, suspicious, or safe and briefly explain your reasoning.

Message: Kuda: ₦150,000.00 has been sent to your wallet from Adaeze Okonkwo on 12 Jun. Your new balance is ₦162,450.00. Open the Kuda app to view full details.",safe,classify_safe,Standard Kuda credit alert. Named sender. Balance provided. Directs to official app. No link. No credential request. No urgency.
SA-CLS-1-F003,classification,1,Phishing and fake bank alerts,SMS,"Classify the following message as scam, suspicious, or safe and briefly explain your reasoning.

Message: OPay: You transferred ₦25,000 to 07034XXXXXX (Emeka Chukwu) on Jun 12 at 10:23am. Transaction ID: OP20260612003421. Wallet balance: ₦8,450.00. Not you? Call 0700-OPAY-NG.",safe,classify_safe,Standard OPay transfer confirmation. Transaction ID provided. Balance shown. Official contact number. No link. No credential request.
SA-CLS-1-F004,classification,1,Phishing and fake bank alerts,SMS,"Classify the following message as scam, suspicious, or safe and briefly explain your reasoning.

Message: ACCESS BANK: Your debit card ending 7823 was used for ₦12,500 at DOMINOS PIZZA VICTORIA ISLAND on 12/06/26 at 13:47. Available balance: ₦203,450. Not you? Call 01-2712005 immediately.",safe,classify_safe,Standard Access Bank card transaction alert. Masked card number. Specific merchant and time. Official number for disputes. No link. No credential request.
SA-CLS-1-F005,classification,1,Phishing and fake bank alerts,SMS,"Classify the following message as scam, suspicious, or safe and briefly explain your reasoning.

Message: FirstBank: A successful login to your Internet Banking was recorded on 12/06/26 at 09:15am. Not you? Call 01-4485500 or change your password at firstbanknigeria.com immediately. FirstBank will NEVER ask for your password via SMS or phone.",safe,classify_safe,Legitimate security notification. Official FirstBank number. Official domain. Explicit statement that FirstBank will not request passwords via SMS is a hallmark of genuine security communications.
SA-CLS-1-F006,classification,1,Phishing and fake bank alerts,SMS,"Classify the following message as scam, suspicious, or safe and briefly explain your reasoning.

Message: ZENITH BANK: Acct ***2891 debited ₦500.00 for Airtime recharge to 08034XXXXXX on 12-Jun-2026. Balance: ₦78,250.00. Queries: 01-2787000.",safe,classify_safe,Standard Zenith Bank debit alert. Masked account. Small airtime transaction. Official contact number. No link. No credential request. Correct Zenith Bank number format.
SA-CLS-1-F007,classification,1,Phishing and fake bank alerts,SMS,"Classify the following message as scam, suspicious, or safe and briefly explain your reasoning.

Message: MONIEPOINT: Your business settlement of ₦285,400.00 for transactions on June 12 has been processed. Funds will reflect in your linked GTBank account ***4521 within 24 hours. View details in your Moniepoint app.",safe,classify_safe,Standard Moniepoint settlement notification. Specific settlement amount. Masked account reference. Directs to official app. No link. No credential request.
SA-CLS-1-F008,classification,1,Phishing and fake bank alerts,SMS,"Classify the following message as scam, suspicious, or safe and briefly explain your reasoning.

Message: PalmPay: Your Pocket savings interest of ₦850.00 has been credited for June 2026. Total Pocket balance: ₦52,850.00. Keep saving to grow your earnings. Open the PalmPay app for full details.",safe,classify_safe,Standard PalmPay savings interest credit. Small interest amount is realistic. Balance provided. Directs to official app. No urgency. No link. No credential request.
SA-CLS-1-S001,classification,1,Phishing and fake bank alerts,SMS,"Classify the following message as scam, suspicious, or safe and briefly explain your reasoning.

Message: GTBank Alert: Your account has been temporarily restricted due to a suspicious login attempt from an unrecognised device. To restore access immediately, verify your identity at gtb-secure-verify.com. Enter your OTP to confirm. This restriction will become permanent if not resolved within 2 hours.",scam,classify_scam,Lookalike domain (gtb-secure-verify.com). OTP request. Account suspension threat. 2-hour urgency trigger. GTBank impersonation.
SA-CLS-1-S002,classification,1,Phishing and fake bank alerts,SMS,"Classify the following message as scam, suspicious, or safe and briefly explain your reasoning.

Message: KUDA BANK SECURITY: We have detected unusual activity on your wallet. Your account has been placed under review. To avoid suspension, verify your details at kuda-bank-verify.net. Log in with your email and password to confirm your identity. Action required within 24 hours.",scam,classify_scam,Lookalike domain (kuda-bank-verify.net). Email and password harvesting. Account suspension threat. 24-hour deadline.
SA-CLS-1-S003,classification,1,Phishing and fake bank alerts,WhatsApp,"Classify the following message as scam, suspicious, or safe and briefly explain your reasoning.

Message: Hello, I am calling from OPay customer support. We have detected an attempted transfer of ₦450,000 from your wallet that we have placed on hold. To cancel this transfer and secure your account, please share the OTP currently showing on your OPay app. Our security team is standing by.",scam,classify_scam,OTP harvesting via WhatsApp. Fake customer support impersonation. Urgent transfer cancellation pretext. OPay impersonation.
SA-CLS-1-S004,classification,1,Phishing and fake bank alerts,SMS,"Classify the following message as scam, suspicious, or safe and briefly explain your reasoning.

Message: ACCESS BANK: An unauthorised debit of ₦285,000 has been attempted on your account ending 4521. If you did NOT authorise this, call our fraud reversal line IMMEDIATELY: 08099001234. Do not use any other number. Your funds are at risk.",scam,classify_scam,Non-official callback number. Urgent fund-at-risk framing. Large unauthorised debit claim. Access Bank impersonation.
SA-CLS-1-S005,classification,1,Phishing and fake bank alerts,SMS,"Classify the following message as scam, suspicious, or safe and briefly explain your reasoning.

Message: FIRST BANK SECURITY: Your internet banking password expires in 1 hour. Failure to reset before expiry will lock your account. Reset now: firstbank-password-reset.com. You will need to enter your current password to generate a new one. Act immediately.",scam,classify_scam,Fake password expiry. Current password harvesting via lookalike domain. 1-hour urgency trigger. First Bank impersonation.
SA-CLS-1-S006,classification,1,Phishing and fake bank alerts,SMS,"Classify the following message as scam, suspicious, or safe and briefly explain your reasoning.

Message: ZENITH BANK: We have processed a debit of ₦120,000 from your account for an online purchase at TechStore Global. Reference: ZB20260615. If you did NOT make this purchase, dispute it immediately at zenithbank-card-disputes.net. Enter your card details to initiate the reversal.",scam,classify_scam,Lookalike dispute portal. Full card detail request framed as fraud reversal. Zenith Bank impersonation.
SA-CLS-1-S007,classification,1,Phishing and fake bank alerts,SMS,"Classify the following message as scam, suspicious, or safe and briefly explain your reasoning.

Message: NIBSS ALERT: Your BVN 22XXXXXXXX has been used to open 3 bank accounts without your authorisation. Your accounts are now at risk. Protect yourself immediately at nibss-bvn-update.ng. Enter your BVN, date of birth, and current banking PIN to lock unauthorised access.",scam,classify_scam,NIBSS impersonation. BVN and PIN harvesting. Multiple account fraud claim. Lookalike domain. Urgency framing.
SA-CLS-1-S008,classification,1,Phishing and fake bank alerts,SMS,"Classify the following message as scam, suspicious, or safe and briefly explain your reasoning.

Message: MONIEPOINT BUSINESS: URGENT - Your merchant account KYC has expired. All settlements have been paused. To restore your account and receive pending payouts of ₦340,000, complete re-verification at moniepoint-kyc.net within 24 hours. Upload your ID and verify your account PIN.",scam,classify_scam,Lookalike domain. Settlement suspension threat. PIN harvesting. Large pending payout lure. Moniepoint impersonation.
SA-CLS-1-U001,classification,1,Phishing and fake bank alerts,SMS,"Classify the following message as scam, suspicious, or safe and briefly explain your reasoning.

Message: GTBank: We noticed a login to your account from a new device today. If this was you, no action is needed. If this was not you, please call 0800-GTBANK immediately to report. Reply STOP to opt out of future security alerts.",suspicious,classify_suspicious,"Near-legitimate format. Real-sounding GTBank number. However, Reply STOP instruction for security alerts is unusual practice for Nigerian banks and could be a social engineering probe."
SA-CLS-1-U002,classification,1,Phishing and fake bank alerts,SMS,"Classify the following message as scam, suspicious, or safe and briefly explain your reasoning.

Message: KUDA: There is a pending security review on your wallet. Please contact our support team at support@kuda.com or call 01-700-KUDA for assistance. Your wallet access is temporarily read-only during this review. We apologise for any inconvenience.",suspicious,classify_suspicious,Vague pending review with no specific reason or action. 01-700-KUDA is not Kuda's actual customer number format. Unsolicited wallet restriction notice creates mild urgency without a direct link or credential request.
SA-CLS-1-U003,classification,1,Phishing and fake bank alerts,SMS,"Classify the following message as scam, suspicious, or safe and briefly explain your reasoning.

Message: ACCESS BANK: We need to verify some recent transactions on your account for your security. Please call 01-2712005 at your earliest convenience to speak with our fraud team. Reference: ACB/SEC/2026/0034. This is not an emergency but please call within 48 hours.",suspicious,classify_suspicious,01-2712005 is close to Access Bank's real number. Reference number adds false legitimacy. Unsolicited fraud team callback request. No link or immediate credential request but could be a setup for social engineering on the call.
SA-CLS-1-U004,classification,1,Phishing and fake bank alerts,WhatsApp,"Classify the following message as scam, suspicious, or safe and briefly explain your reasoning.

Message: Hello, I am from GTBank fraud prevention team. We flagged an unusual transaction pattern on your account that we need to discuss with you. I can verify myself as a genuine GTBank contact by sending you our official verification link. Are you available to speak for a few minutes?",suspicious,classify_suspicious,Unsolicited WhatsApp contact claiming to be bank staff. Offer to send a verification link is a known second-stage phishing technique. No immediate credential request but the setup is a classic social engineering opening.
SA-CLS-1-U005,classification,1,Phishing and fake bank alerts,SMS,"Classify the following message as scam, suspicious, or safe and briefly explain your reasoning.

Message: FIRST BANK: Your account has been placed under a temporary security review following unusual login patterns detected on our system. No action is required from you at this time. You will receive a follow-up update within 24 hours. For urgent queries, call 01-4485500.",suspicious,classify_suspicious,"01-4485500 is First Bank's real customer number. No action required and no credential request. However, vague security review with a 24-hour follow-up creates low-level anxiety and could prime the victim for a follow-up phishing attempt."
SA-CLS-1-U006,classification,1,Phishing and fake bank alerts,SMS,"Classify the following message as scam, suspicious, or safe and briefly explain your reasoning.

Message: ZENITH BANK: We detected 3 failed login attempts on your account today. If this was not you, update your password through the Zenith Bank mobile app immediately or visit any Zenith Bank branch. Do not share your password with anyone. Queries: 01-2787000.",suspicious,classify_suspicious,"01-2787000 is Zenith Bank's real number. Directs to official app. However, unsolicited failed login alert instructing password update via SMS is slightly unusual. No link but the urgency framing is present."
SA-CLS-1-U007,classification,1,Phishing and fake bank alerts,SMS,"Classify the following message as scam, suspicious, or safe and briefly explain your reasoning.

Message: PALMPA Y ALERT: A transaction of ₦45,000 is pending on your account. If you did not initiate this transfer, call our fraud line 0700-PALMPAY to dispute immediately. Transaction reference: PP20260617442.",suspicious,classify_suspicious,PALMPA Y with a space in the sender name suggests a spoofed sender ID. 0700-PALMPAY is not PalmPay's actual contact number format. Pending transaction framing creates urgency. Suspicious sender ID is a clear amber flag.
SA-CLS-2-F001,classification,2,SIM swap fraud,SMS,"Classify the following message as scam, suspicious, or safe and briefly explain your reasoning.

Message: MTN Nigeria: Your SIM card has been successfully registered with NIN 7234XXXXXXXX as required by the NCC. No further action is required. Thank you for complying with the national SIM registration directive. For queries, dial 180.",safe,classify_safe,Confirmation of completed action (NIN registration). Real shortcode (180). No credential request. No urgency. No link. Positive notification requiring no response.
SA-CLS-2-F002,classification,2,SIM swap fraud,SMS,"Classify the following message as scam, suspicious, or safe and briefly explain your reasoning.

Message: GLO: Your data bundle of 10GB (30 days) has been activated on 0805XXXXXXX. Activation: 12-Jun-2026. Valid for 30 days from activation. Check balance: *127*0#. Thank you for choosing Glo.",safe,classify_safe,Standard Glo data bundle activation confirmation. Real USSD code for balance check. No link. No credential request. Confirms a customer-initiated action.
SA-CLS-2-F003,classification,2,SIM swap fraud,SMS,"Classify the following message as scam, suspicious, or safe and briefly explain your reasoning.

Message: AIRTEL: ₦1,000 airtime recharge successful on 0802XXXXXXX. New balance: ₦1,847.30. Validity: 14 days. Thank you for recharging with Airtel.",safe,classify_safe,Standard Airtel airtime recharge confirmation. Small amount. Balance shown. No link. No credential request. Confirms customer-initiated action.
SA-CLS-2-F004,classification,2,SIM swap fraud,SMS,"Classify the following message as scam, suspicious, or safe and briefly explain your reasoning.

Message: 9mobile: Account balance for 0908XXXXXXX: Airtime ₦234.50 + Data 2.3GB (expires in 12 days). To recharge, dial *200#. For support, dial 200 (free call).",safe,classify_safe,Standard 9mobile balance statement. Real USSD code. Free customer care dial. No link. No credential request. Informational only.
SA-CLS-2-F005,classification,2,SIM swap fraud,SMS,"Classify the following message as scam, suspicious, or safe and briefly explain your reasoning.

Message: MTN Nigeria: This is to confirm that your SIM card ending XXXX is linked to NIN 7234XXXXXXXX in compliance with the NCC subscriber registration directive. Your line remains active. No further action required. For queries, dial 180.",safe,classify_safe,NIN linkage status confirmation. Real shortcode. No action required. No credential request. Positive confirmation with no urgency or threat.
SA-CLS-2-F006,classification,2,SIM swap fraud,SMS,"Classify the following message as scam, suspicious, or safe and briefly explain your reasoning.

Message: GLO: International roaming has been activated on 0805XXXXXXX for your travel period. Standard roaming rates apply. To check rates before calling, visit glo.ng/roaming. For support abroad, call +234-805-111-3000.",safe,classify_safe,Confirms customer-requested roaming activation. Real Glo website. Provides international support number. No credential request. No urgency. Confirms a prior customer action.
SA-CLS-2-S001,classification,2,SIM swap fraud,SMS,"Classify the following message as scam, suspicious, or safe and briefly explain your reasoning.

Message: MTN NIGERIA: A SIM swap request has been received for your number 0812XXXXXXX. Press 1 to APPROVE or 2 to CANCEL within 10 minutes. If you did not initiate this request, press 2 immediately or your number may be transferred to another SIM card.",scam,classify_scam,SIM swap approval SMS. Auto-proceed threat. 10-minute deadline. Victim induced to interact with fraudster-controlled system. MTN impersonation.
SA-CLS-2-S002,classification,2,SIM swap fraud,SMS,"Classify the following message as scam, suspicious, or safe and briefly explain your reasoning.

Message: GLO ALERT: NCC has mandated all SIM-NIN linkage re-verification by June 13. Your line 0805XXXXXXX has NOT been verified. Your line will be DEACTIVATED if you do not complete verification. Visit glo-nin-verify.com or reply with your NIN and date of birth NOW.",scam,classify_scam,Lookalike domain. NIN and date of birth harvesting. Line deactivation threat. Fake NCC compliance mandate. Glo impersonation.
SA-CLS-2-S003,classification,2,SIM swap fraud,SMS,"Classify the following message as scam, suspicious, or safe and briefly explain your reasoning.

Message: AIRTEL NIGERIA: Your SIM card is being upgraded to a 5G-compatible version as part of our nationwide rollout. To preserve your number during the upgrade, please reply to this message with your NIN and full name within 2 hours. Failure to respond will result in temporary line suspension.",scam,classify_scam,NIN and name harvesting via SMS reply. 5G upgrade lure. Line suspension threat. 2-hour deadline. Airtel impersonation.
SA-CLS-2-S004,classification,2,SIM swap fraud,SMS,"Classify the following message as scam, suspicious, or safe and briefly explain your reasoning.

Message: 9MOBILE NOTICE: We have received a request to replace the SIM card on your number 0908XXXXXXX. If you did not make this request, call 08099991234 IMMEDIATELY to cancel. This number will be ported in 30 minutes if no action is taken.",scam,classify_scam,Callback trap with non-official number. 30-minute auto-port threat. Creates panic to force victim to call fraudster. 9mobile impersonation.
SA-CLS-2-S005,classification,2,SIM swap fraud,SMS,"Classify the following message as scam, suspicious, or safe and briefly explain your reasoning.

Message: MTN SECURITY: An unauthorised SIM swap attempt has been detected on your account. To block this attempt, VERIFY YOUR IDENTITY NOW. Reply with your NIN and date of birth within 15 minutes. Your number is at risk until verification is confirmed.",scam,classify_scam,Reverse psychology: victim thinks they are blocking fraud by sharing NIN and date of birth. 15-minute urgency. MTN impersonation.
SA-CLS-2-S006,classification,2,SIM swap fraud,WhatsApp,"Classify the following message as scam, suspicious, or safe and briefly explain your reasoning.

Message: Hello, this is Glo customer service. Your SIM card has been flagged for a mandatory security upgrade. To ensure your number is not affected, please send us your NIN and date of birth via this WhatsApp message so we can complete the verification process. This is urgent.",scam,classify_scam,NIN and date of birth harvesting via WhatsApp. Carrier WhatsApp impersonation. Mandatory upgrade pretext.
SA-CLS-2-S007,classification,2,SIM swap fraud,SMS,"Classify the following message as scam, suspicious, or safe and briefly explain your reasoning.

Message: AIRTEL NIGERIA SECURITY: SIM card replacement has been initiated on your account. To CANCEL this replacement, call 07099991234 WITHIN 20 MINUTES. After 20 minutes the replacement will proceed automatically and you will lose access to your current number.",scam,classify_scam,Callback trap with non-official number. 20-minute auto-replacement threat. Extreme urgency to force callback to fraudster. Airtel impersonation.
SA-CLS-2-U001,classification,2,SIM swap fraud,SMS,"Classify the following message as scam, suspicious, or safe and briefly explain your reasoning.

Message: MTN NIGERIA: We received a request to update the registered NIN on your SIM card 0812XXXXXXX. If you made this request, no action is needed. If you did not, call 180 to report. This update will be processed in 48 hours if not disputed.",suspicious,classify_suspicious,"180 is MTN's real customer care shortcode. Directs to official channel. However, unsolicited NIN update notifications are not a standard MTN practice. The 48-hour processing window creates mild urgency."
SA-CLS-2-U002,classification,2,SIM swap fraud,SMS,"Classify the following message as scam, suspicious, or safe and briefly explain your reasoning.

Message: GLO: Your line 0805XXXXXXX is associated with multiple SIM cards registered under the same NIN. The NCC requires resolution within 7 days to avoid service suspension. Please visit any Glo Service Centre with your NIN and a valid ID to resolve this issue.",suspicious,classify_suspicious,"NCC multiple SIM-NIN concern is real and documented. Directs to service centre rather than a link. However, this exact SMS format is not standard Glo practice. The 7-day deadline and suspension threat create pressure."
SA-CLS-2-U003,classification,2,SIM swap fraud,SMS,"Classify the following message as scam, suspicious, or safe and briefly explain your reasoning.

Message: AIRTEL: Your SIM card is due for a mandatory security upgrade as part of our network enhancement programme. Visit the nearest Airtel Experience Centre with your NIN and valid ID to complete the upgrade before June 13. Failure to upgrade may affect your service quality.",suspicious,classify_suspicious,"In-person visit is less suspicious than a link. However, mandatory SIM security upgrades requiring NIN presentation at a service centre is not a documented Airtel process. Deadline and service quality threat create urgency."
SA-CLS-2-U004,classification,2,SIM swap fraud,WhatsApp,"Classify the following message as scam, suspicious, or safe and briefly explain your reasoning.

Message: Hi, I am contacting you from MTN customer care. We noticed some network authentication issues associated with your SIM that could be affecting your signal quality. Can I ask you a few account verification questions to check your SIM status? It will only take a moment.",suspicious,classify_suspicious,Unsolicited WhatsApp contact from claimed MTN representative. No immediate harmful request. Classic social engineering opening: benign reason to initiate contact before progressing to data extraction.
SA-CLS-2-U005,classification,2,SIM swap fraud,SMS,"Classify the following message as scam, suspicious, or safe and briefly explain your reasoning.

Message: 9MOBILE: Your line 0908XXXXXXX has been inactive for 90 days and is at risk of deallocation per our subscriber policy. To keep your number active, call 200 from this line within 14 days. No other action required.",suspicious,classify_suspicious,"200 is 9mobile's real customer care shortcode. Inactive number reallocation is a real carrier policy. However, the specific 90-day framing and proactive SMS notification is not standard 9mobile practice. Borderline suspicious."
SA-CLS-2-U006,classification,2,SIM swap fraud,SMS,"Classify the following message as scam, suspicious, or safe and briefly explain your reasoning.

Message: MTN NIGERIA: NCC directive requires all MTN subscribers to re-register their SIM cards with updated biometric data at any MTN Service Centre by June 13. Please bring your original NIN slip and two passport photographs. Non-compliance may result in network restrictions per NCC policy.",suspicious,classify_suspicious,"References real NCC directives which have existed previously. Service centre visit rather than a link. However, biometric re-registration in this form is not a current active NCC requirement. Real enough to be confusing."
SA-CLS-2-U007,classification,2,SIM swap fraud,SMS,"Classify the following message as scam, suspicious, or safe and briefly explain your reasoning.

Message: GLO: We have received a report that your phone was stolen and a SIM replacement request is pending on your number 0805XXXXXXX. If you did not make this report, call 121 immediately to cancel. The replacement will proceed in 24 hours if not disputed.",suspicious,classify_suspicious,"121 is a real Glo customer care shortcode. Directs to official channel. However, proactive SMS about a pending SIM replacement from a stolen phone report is not standard. Could be a callback setup but uses a real number."
SA-CLS-3-F001,classification,3,Identity theft and credential compromise,SMS,"Classify the following message as scam, suspicious, or safe and briefly explain your reasoning.

Message: ACCESS BANK: Your internet banking password was successfully changed on 12/06/26 at 11:32am. If you did not make this change, call 01-2712005 immediately. Access Bank will never ask for your password by phone or email.",safe,classify_safe,Password change confirmation. Real Access Bank number. Explicit fraud advisory that bank will not request passwords. Appropriate security message. Confirms a customer-initiated action.
SA-CLS-3-F002,classification,3,Identity theft and credential compromise,SMS,"Classify the following message as scam, suspicious, or safe and briefly explain your reasoning.

Message: GTBank: A new device (iPhone 14, Lagos) was used to access your account on 12/06/26 at 2:15pm. If this was you, no action is needed. If not, call 07003000000 immediately. GTBank will NEVER request your PIN or password via SMS or phone.",safe,classify_safe,New device login notification. Specific device details. Real GTBank number. Explicit warning against PIN or password requests via SMS. Standard security practice. No link or credential request.
SA-CLS-3-F003,classification,3,Identity theft and credential compromise,SMS,"Classify the following message as scam, suspicious, or safe and briefly explain your reasoning.

Message: Kuda: Your account security settings were updated on 12 Jun at 3:42pm as requested. If you did not make this change, contact us immediately through the Kuda app. Kuda will never ask for your password or PIN outside of the official app.",safe,classify_safe,Security settings change confirmation. Fraud advisory explicitly stating Kuda will not request credentials outside the app. Directs to official app. Confirms a prior customer action.
SA-CLS-3-F004,classification,3,Identity theft and credential compromise,SMS,"Classify the following message as scam, suspicious, or safe and briefly explain your reasoning.

Message: UBA: Two-factor authentication has been successfully enabled on your UBA internet banking account as requested. Your account is now more secure. For assistance, call 0700-CALL-UBA or visit uba.com.",safe,classify_safe,2FA activation confirmation. UBA real contact format. Official website. No link. No credential request. Confirms a security enhancement requested by the customer.
SA-CLS-3-F005,classification,3,Identity theft and credential compromise,SMS,"Classify the following message as scam, suspicious, or safe and briefly explain your reasoning.

Message: ZENITH BANK: As requested, your Visa debit card ending 7823 has been BLOCKED. A replacement card will be ready within 5-7 business days. To collect, visit any Zenith Bank branch with a valid ID. Queries: 01-2787000.",safe,classify_safe,Card blocking confirmation as requested by customer. Realistic card collection procedure. Official Zenith Bank number. No link. No credential request. Confirms a customer-initiated security action.
SA-CLS-3-F006,classification,3,Identity theft and credential compromise,SMS,"Classify the following message as scam, suspicious, or safe and briefly explain your reasoning.

Message: FirstBank: Your Bank Verification Number (BVN) 22XXXXXXXX is confirmed as linked to your FirstBank account. This is an automated confirmation. For BVN-related assistance, call 01-4485500 or visit firstbanknigeria.com.",safe,classify_safe,BVN linkage confirmation. Real FirstBank contact details. Automated confirmation requiring no action. No link. No credential request. Standard informational message.
SA-CLS-3-S001,classification,3,Identity theft and credential compromise,SMS,"Classify the following message as scam, suspicious, or safe and briefly explain your reasoning.

Message: ZENITH BANK: Your internet banking credentials have been detected in a data breach affecting multiple Nigerian financial institutions. To secure your account, visit zenith-secure-reset.ng NOW. Enter your current username and password to verify your identity before setting a new secure password.",scam,classify_scam,Lookalike domain. Current password harvesting disguised as a security reset. Data breach framing. Zenith Bank impersonation.
SA-CLS-3-S002,classification,3,Identity theft and credential compromise,SMS,"Classify the following message as scam, suspicious, or safe and briefly explain your reasoning.

Message: STANBIC IBTC BANK: Your online banking profile has been deactivated following 90 days of inactivity. To reactivate your account and access your funds, visit stanbic-reactivate.ng and log in with your username and password within 48 hours or your account will be closed.",scam,classify_scam,Lookalike domain. Full credential harvesting via fake reactivation portal. Account closure threat. Stanbic IBTC impersonation.
SA-CLS-3-S003,classification,3,Identity theft and credential compromise,SMS,"Classify the following message as scam, suspicious, or safe and briefly explain your reasoning.

Message: KUDA: For your security, your app session has been reset following a system update. To regain access to your wallet, please re-enter your login details and transaction PIN at kuda-session-restore.com. Your wallet balance is secure and will be visible after re-authentication.",scam,classify_scam,Lookalike domain. Login credentials and PIN harvesting via fake session restore. System update framing. Kuda impersonation.
SA-CLS-3-S004,classification,3,Identity theft and credential compromise,WhatsApp,"Classify the following message as scam, suspicious, or safe and briefly explain your reasoning.

Message: Good morning. This is the GTBank security department. We are updating our customer authentication system and need to verify your account details. Please provide your date of birth, mother's maiden name, and your internet banking security question answer so we can confirm your account is secure.",scam,classify_scam,Security question and personal data harvesting. WhatsApp impersonation of bank security department. No link but direct credential request.
SA-CLS-3-S005,classification,3,Identity theft and credential compromise,SMS,"Classify the following message as scam, suspicious, or safe and briefly explain your reasoning.

Message: NIBSS: Your credentials have been detected in the 2026 Nigerian Banking Sector Security Breach affecting GTBank, Zenith Bank and Access Bank. Secure your accounts immediately at nibss-credential-check.ng. Enter your internet banking details for each bank to lock unauthorised access.",scam,classify_scam,Multi-bank credential harvesting via fake NIBSS portal. Lookalike domain. Broad breach claim to maximise victims. NIBSS impersonation.
SA-CLS-3-S006,classification,3,Identity theft and credential compromise,SMS,"Classify the following message as scam, suspicious, or safe and briefly explain your reasoning.

Message: FIRST BANK: We have detected an international transaction of $340 from a merchant in Dubai on your Visa card ending 7823. If you did NOT authorise this, dispute it immediately at firstbank-card-dispute.com. Enter your card number, expiry, CVV and PIN to block your card and initiate a chargeback.",scam,classify_scam,Full card detail and PIN harvesting via lookalike dispute portal. International transaction creates urgency. First Bank impersonation.
SA-CLS-3-S007,classification,3,Identity theft and credential compromise,SMS,"Classify the following message as scam, suspicious, or safe and briefly explain your reasoning.

Message: UBA BANK: We are migrating all customer accounts to our upgraded security platform. All customers must re-verify before June 13. Complete verification at uba-platform-upgrade.ng. You will need your full name, date of birth, mother's maiden name, BVN and current internet banking password.",scam,classify_scam,Lookalike domain. Full identity and password harvesting disguised as platform migration. Deadline pressure. UBA impersonation.
SA-CLS-3-U001,classification,3,Identity theft and credential compromise,SMS,"Classify the following message as scam, suspicious, or safe and briefly explain your reasoning.

Message: ZENITH BANK: We are performing scheduled maintenance on our internet banking platform from June 11-13. During this period, you may experience intermittent access. Please update your Zenith Bank mobile app before June 11 to ensure uninterrupted service. No account action required.",suspicious,classify_suspicious,"No credential request and no link. However, asking customers to update their app via SMS is a known social engineering vector for redirecting to fake apps. Maintenance dates add legitimacy."
SA-CLS-3-U002,classification,3,Identity theft and credential compromise,WhatsApp,"Classify the following message as scam, suspicious, or safe and briefly explain your reasoning.

Message: Hello, I am from Kuda Bank's technical support team. We noticed you may have been experiencing difficulties accessing your account recently based on some signals from our monitoring system. I would like to help resolve this for you. Can you confirm whether you have had any login issues?",suspicious,classify_suspicious,Unsolicited WhatsApp contact from claimed Kuda support. No immediate credential request. Opening question is harmless but this is a classic setup for progressive social engineering. Unverified contact method.
SA-CLS-3-U003,classification,3,Identity theft and credential compromise,SMS,"Classify the following message as scam, suspicious, or safe and briefly explain your reasoning.

Message: ACCESS BANK: For your security, our system has flagged your account for a routine verification. Please log into your Access Bank mobile app and complete the verification under Security Settings. If you have not downloaded the app, visit any Access Bank branch. Your account remains fully active.",suspicious,classify_suspicious,"Directs to official app rather than a link. However, unsolicited routine verification SMS is unusual. The routine nature downplays urgency while still prompting action. Could be legitimate or a prelude to fake app redirection."
SA-CLS-3-U004,classification,3,Identity theft and credential compromise,SMS,"Classify the following message as scam, suspicious, or safe and briefly explain your reasoning.

Message: UBA ALERT: Our records show a discrepancy in your registered phone number that may affect account recovery options. To correct this, update your contact details through the UBA mobile app or visit any UBA branch. For assistance, call 0700-CALL-UBA.",suspicious,classify_suspicious,"0700-CALL-UBA is UBA's real number format. Directs to app or branch. However, unsolicited SMS about a vague discrepancy is unusual and creates mild concern. Could be legitimate or a social engineering probe."
SA-CLS-3-U005,classification,3,Identity theft and credential compromise,SMS,"Classify the following message as scam, suspicious, or safe and briefly explain your reasoning.

Message: FIDELITY BANK: As part of our security upgrade, customers who have not updated their security questions in the last 2 years are required to do so by June 13. Update via the Fidelity Bank mobile app under Settings. Customers who do not update may experience restricted login access after the deadline.",suspicious,classify_suspicious,"Directs to official app. Security question updates are a real bank practice. However, the deadline and login restriction threat create pressure. The unsolicited SMS format is slightly unusual for this type of routine update."
SA-CLS-3-U006,classification,3,Identity theft and credential compromise,SMS,"Classify the following message as scam, suspicious, or safe and briefly explain your reasoning.

Message: OPAY: A login to your account was detected from a new location. If this was you, no action is needed. If not, change your password immediately through the OPay app and contact support at 0700-OPAY-NG. Note: OPay will never send password reset links via SMS.",suspicious,classify_suspicious,"The final sentence is a legitimate security practice. 0700-OPAY-NG is plausible format. However, the new location claim is unverifiable and could be used as a low-urgency probe before a more targeted follow-up. Borderline suspicious."
SA-CLS-4-F001,classification,4,Fake fintech and bank platform impersonation,SMS,"Classify the following message as scam, suspicious, or safe and briefly explain your reasoning.

Message: OPay: Transfer to 5 different contacts today and earn ₦200 cashback directly in your wallet! Offer valid June 12-13 only. Open the OPay app to start. T&Cs apply at opay.ng. Reply STOP to opt out.",safe,classify_safe,Legitimate promotional offer. Directs to official app and real OPay domain. Opt-out option is a real marketing practice. No credential request. No link other than official domain reference.
SA-CLS-4-F002,classification,4,Fake fintech and bank platform impersonation,SMS,"Classify the following message as scam, suspicious, or safe and briefly explain your reasoning.

Message: MONIEPOINT: Our merchant fee schedule has been updated effective from next month. Changes include reduced charges on transfers above ₦500,000. Log into your Moniepoint app or visit moniepoint.com to view the updated schedule.",safe,classify_safe,Fee schedule update notification. Directs to official app and real Moniepoint domain. No credential request. No urgency or threat. Standard business communication to merchant customers.
SA-CLS-4-F003,classification,4,Fake fintech and bank platform impersonation,SMS,"Classify the following message as scam, suspicious, or safe and briefly explain your reasoning.

Message: Kuda: Congratulations! You have reached your savings goal of ₦500,000 for House Deposit. Your savings are now available in your main wallet. Keep growing your money with Kuda Savings.",safe,classify_safe,Savings goal completion notification. Positive confirmation. Directs to wallet within official app. No link. No credential request. No urgency.
SA-CLS-4-F004,classification,4,Fake fintech and bank platform impersonation,SMS,"Classify the following message as scam, suspicious, or safe and briefly explain your reasoning.

Message: PalmPay: Your June 2026 account statement is ready. Total transactions: 45 | Total debits: ₦285,400 | Total credits: ₦312,000. View your full statement in the PalmPay app under Account.",safe,classify_safe,Monthly account statement notification. Specific transaction summary. Directs to official app. No link. No credential request. Standard financial statement notification.
SA-CLS-4-F005,classification,4,Fake fintech and bank platform impersonation,SMS,"Classify the following message as scam, suspicious, or safe and briefly explain your reasoning.

Message: Flutterwave: Your payout of ₦450,000 has been initiated to GTBank ***4521 (Hadiza Yusuf). Expected settlement: 1 business day. Payout ID: FLW-PAY-20260617-0034. View details in your Flutterwave dashboard.",safe,classify_safe,Standard Flutterwave payout confirmation. Payout ID provided. Masked bank account. No link. No credential request. Confirms a merchant-initiated payout.
SA-CLS-4-F006,classification,4,Fake fintech and bank platform impersonation,SMS,"Classify the following message as scam, suspicious, or safe and briefly explain your reasoning.

Message: Carbon: Your loan repayment of ₦12,500 was received on 12 Jun 2026. Outstanding balance: ₦37,500. Next repayment due: in 30 days. Manage your loan in the Carbon app at getcarbon.co.",safe,classify_safe,Standard Carbon loan repayment confirmation. Balance and next due date provided. Real Carbon domain. Directs to official app. No credential request.
SA-CLS-4-S001,classification,4,Fake fintech and bank platform impersonation,WhatsApp,"Classify the following message as scam, suspicious, or safe and briefly explain your reasoning.

Message: Hello, this is the OPay Official Support Team. We noticed a failed withdrawal of ₦75,000 from your wallet that is currently in review. To process the release of these funds, please confirm your wallet phone number, wallet ID and 4-digit transaction PIN so our team can process the reversal.",scam,classify_scam,WhatsApp support impersonation. Transaction PIN and account detail harvesting. Pending fund release pretext. OPay impersonation.
SA-CLS-4-S002,classification,4,Fake fintech and bank platform impersonation,SMS,"Classify the following message as scam, suspicious, or safe and briefly explain your reasoning.

Message: MONIEPOINT COMPLIANCE: Your merchant account has been flagged following unusual transaction patterns. Payouts have been paused pending a compliance review. To restore your account and access ₦340,000 in pending settlements, complete verification at moniepoint-compliance-ng.com and confirm your merchant PIN and BVN.",scam,classify_scam,Lookalike domain. Merchant PIN and BVN harvesting. Large pending settlement lure. Compliance review framing. Moniepoint impersonation.
SA-CLS-4-S003,classification,4,Fake fintech and bank platform impersonation,SMS,"Classify the following message as scam, suspicious, or safe and briefly explain your reasoning.

Message: KUDA BANK REWARDS: You have been selected as one of 500 loyalty reward recipients! Claim your ₦15,000 cash bonus by logging in through our special rewards portal kuda-loyalty-ng.com. Use your registered email and password. Offer expires at midnight tonight. Do not share this link.",scam,classify_scam,Lookalike domain. Credential harvesting via fake rewards portal. Artificial scarcity and midnight urgency. Kuda impersonation.
SA-CLS-4-S004,classification,4,Fake fintech and bank platform impersonation,SMS,"Classify the following message as scam, suspicious, or safe and briefly explain your reasoning.

Message: CENTRAL BANK OF NIGERIA: All bank customers are required to re-verify their accounts on the CBN Customer Identity Portal at cbn-id-portal.gov-ng.net before June 13, 2026. Submit your BVN, NIN and internet banking credentials. Non-compliance will result in account restriction. This is mandatory.",scam,classify_scam,"CBN impersonation. Fake government portal domain. BVN, NIN and full credential harvesting. Mandatory regulatory framing. High-authority impersonation."
SA-CLS-4-S005,classification,4,Fake fintech and bank platform impersonation,SMS,"Classify the following message as scam, suspicious, or safe and briefly explain your reasoning.

Message: PALMPAY: Congratulations! You have been selected for our exclusive customer appreciation double-wallet offer. To double your wallet balance, log in through palmpay-special-offer.net and confirm your 4-digit PIN. Only 500 customers selected. Offer expires in 3 hours.",scam,classify_scam,Lookalike domain. PIN harvesting via balance doubling lure. Artificial scarcity and 3-hour deadline. PalmPay impersonation.
SA-CLS-4-S006,classification,4,Fake fintech and bank platform impersonation,SMS,"Classify the following message as scam, suspicious, or safe and briefly explain your reasoning.

Message: FLUTTERWAVE DEVELOPER ALERT: Unusual API authentication attempts have been detected on your developer account. Your API keys may be at risk. Re-authenticate immediately at flutterwave-dev-verify.com using your dashboard email and password to generate new keys and secure your integration.",scam,classify_scam,Lookalike developer portal. Full credential harvesting targeting developers. API compromise framing creates urgency. Flutterwave impersonation.
SA-CLS-4-S007,classification,4,Fake fintech and bank platform impersonation,WhatsApp,"Classify the following message as scam, suspicious, or safe and briefly explain your reasoning.

Message: Hi, this is the official GTBank customer support account. I saw your tweet about your blocked transfer. To resolve this quickly, please send me your account number, the phone number linked to your account and your internet banking PIN and I will escalate this to our technical team right away.",scam,classify_scam,Social media complaint hijacking via WhatsApp. Internet banking PIN request. Offers quick resolution as social engineering hook. GTBank impersonation.
SA-CLS-4-U001,classification,4,Fake fintech and bank platform impersonation,WhatsApp,"Classify the following message as scam, suspicious, or safe and briefly explain your reasoning.

Message: Hi, this is Kuda Bank support. I saw your comment on our official Instagram page about an issue with your transfer. I would like to help you sort this out quickly. Can you share the phone number registered on your Kuda account so I can look up your profile?",suspicious,classify_suspicious,Asking only for registered phone number is less harmful than asking for PIN. But initiating WhatsApp contact in response to a social media complaint is a known impersonation pattern. Phone number could be first step in account takeover.
SA-CLS-4-U002,classification,4,Fake fintech and bank platform impersonation,SMS,"Classify the following message as scam, suspicious, or safe and briefly explain your reasoning.

Message: MONIEPOINT: A scheduled system update on June 13 may temporarily affect app performance for up to 2 hours. To avoid disruption to your business, please download the latest version of the Moniepoint app from the Google Play Store or Apple App Store before June 13. Your settlements will not be affected.",suspicious,classify_suspicious,"Directs to official app stores. No credential request. However, a maintenance SMS pushing users to update the app is a known vector for redirecting to fake apps. The specific date and legitimate-sounding reassurance are social engineering techniques."
SA-CLS-4-U003,classification,4,Fake fintech and bank platform impersonation,SMS,"Classify the following message as scam, suspicious, or safe and briefly explain your reasoning.

Message: OPAY NOTICE: Our records show the email address linked to your OPay account may no longer be active. To ensure you retain account recovery access, please update your email through the OPay app under Account Settings. For assistance, chat with us in-app.",suspicious,classify_suspicious,"Directs to official app. No link or credential request. However, unsolicited SMS claiming an inactive email is unusual. Could be a social engineering probe to get the user to open the app and then be redirected to a fake one."
SA-CLS-4-U004,classification,4,Fake fintech and bank platform impersonation,WhatsApp,"Classify the following message as scam, suspicious, or safe and briefly explain your reasoning.

Message: Good morning. I am reaching out from the Flutterwave merchant success team. We noticed your integration transaction volumes dropped significantly this month compared to your usual activity and wanted to check if you are experiencing any technical difficulties. Can I schedule a brief call?",suspicious,classify_suspicious,"Plausible merchant outreach context. However, unsolicited WhatsApp contact about integration volumes from an unverified number is concerning. Legitimate Flutterwave outreach comes via official email. Could be social engineering to gather API credentials."
SA-CLS-4-U005,classification,4,Fake fintech and bank platform impersonation,SMS,"Classify the following message as scam, suspicious, or safe and briefly explain your reasoning.

Message: PALMPAY: You have a pending wallet upgrade that will increase your daily transaction limit from ₦200,000 to ₦500,000. To complete the upgrade, open your PalmPay app and follow the prompts under Wallet Settings > Upgrade. This upgrade is free and available for 14 days.",safe,classify_safe,"No link or credential request. Directs to official app. However, unsolicited SMS about a pending wallet upgrade creates a reason to open the app and follow prompts. Could be a setup for a follow-up social engineering message. [Reclassified from suspicious to safe per researcher review, June 2026.]"
SA-CLS-4-U006,classification,4,Fake fintech and bank platform impersonation,SMS,"Classify the following message as scam, suspicious, or safe and briefly explain your reasoning.

Message: FLUTTERWAVE: Your API integration rate limit was temporarily adjusted following unusual transaction volumes detected on your account on June 12. Please log into your Flutterwave dashboard to review your transaction logs and confirm your integration is functioning correctly. For help, contact support@flutterwave.com.",safe,classify_safe,"support@flutterwave.com is Flutterwave's real email. Directs to dashboard. However, an unsolicited API rate limit notification via SMS is unusual for a developer platform that communicates primarily via email and in-dashboard alerts. [Reclassified from suspicious to safe per researcher review, June 2026.]"
SA-CLS-5-F001,classification,5,Investment scams and Ponzi schemes,SMS,"Classify the following message as scam, suspicious, or safe and briefly explain your reasoning.

Message: SEC NIGERIA: Investors are warned that GOLDENVAULT COOPERATIVE LIMITED is NOT registered with the Securities and Exchange Commission and should NOT be patronised. Any losses incurred are at your own risk. Report investment fraud: 09-462-3650 or sec.gov.ng.",safe,classify_safe,Legitimate investor protection warning from SEC Nigeria. Official contact and domain. Warns against an unregistered entity. Protects consumers rather than soliciting engagement. SEC regularly issues these warnings.
SA-CLS-5-F002,classification,5,Investment scams and Ponzi schemes,SMS,"Classify the following message as scam, suspicious, or safe and briefly explain your reasoning.

Message: CBN: The Central Bank of Nigeria does not operate any investment programme, palliative distribution scheme or fund release programme via SMS, WhatsApp or social media. Any message claiming to be from CBN offering such benefits is FRAUDULENT. Report: cbn.gov.ng/reportfraud",safe,classify_safe,Legitimate CBN fraud advisory. Real CBN reporting portal. Explicitly warns against investment and palliative scams impersonating CBN. Educational protective message. CBN issues these advisories regularly.
SA-CLS-5-F003,classification,5,Investment scams and Ponzi schemes,SMS,"Classify the following message as scam, suspicious, or safe and briefly explain your reasoning.

Message: Stanbic IBTC Asset Management: Your Q2 2026 mutual fund portfolio statement is ready. Portfolio value: ₦1,245,800 (+4.2% for the quarter). Log into your Stanbic IBTC Investment app to view your full statement and transaction history.",safe,classify_safe,Legitimate investment statement from a regulated asset manager. Real Q2 return of 4.2% is plausible for a mutual fund. Directs to official app. No credential request. Standard quarterly portfolio update.
SA-CLS-5-F004,classification,5,Investment scams and Ponzi schemes,SMS,"Classify the following message as scam, suspicious, or safe and briefly explain your reasoning.

Message: ARM Investment Managers: Your Money Market Fund earned ₦12,450 in interest for May 2026 (annualised yield: 19.4%). Total portfolio value: ₦2,456,800. Log into the ARM app to view your statement. For queries, call 01-280-9701.",safe,classify_safe,"Legitimate investment statement from ARM Investment Managers, a real regulated fund manager. 19.4% annualised yield is plausible for Nigerian money market funds in 2026. Official app and real contact number."
SA-CLS-5-F005,classification,5,Investment scams and Ponzi schemes,SMS,"Classify the following message as scam, suspicious, or safe and briefly explain your reasoning.

Message: FBNQuest Asset Management: Confirming receipt of your instruction to purchase ₦500,000 in Federal Government Bonds on 11/06/26. Settlement: T+2 (13/06/26). Confirmation advice sent to your registered email. For queries, visit fbnquest.com.ng.",safe,classify_safe,Legitimate FBNQuest investment confirmation. Federal Government Bond purchase is a real investment product. T+2 settlement is standard. Real FBNQuest domain. No credential request.
SA-CLS-5-F006,classification,5,Investment scams and Ponzi schemes,SMS,"Classify the following message as scam, suspicious, or safe and briefly explain your reasoning.

Message: LAPO Microfinance Bank: Your cooperative savings contribution of ₦15,000 for June 2026 has been received. Interest earned: ₦450. Total savings balance: ₦245,450. Annual dividend declaration: end of year. Visit your nearest LAPO branch for queries.",safe,classify_safe,LAPO Microfinance Bank is a real and regulated Nigerian institution. Cooperative savings is a legitimate product. Realistic interest amount. Branch visit for queries is legitimate. No link or credential request.
SA-CLS-5-S001,classification,5,Investment scams and Ponzi schemes,WhatsApp,"Classify the following message as scam, suspicious, or safe and briefly explain your reasoning.

Message: CAPITALVAULT INVESTMENT: Earn 40% EVERY MONTH on any amount you invest. Your principal is 100% GUARANTEED. Minimum investment ₦20,000. Over 5,000 Nigerians already earning monthly. Withdraw anytime with no restrictions. Contact our agent: 0812XXXXXXX. Slots filling fast. Join today before it closes!",scam,classify_scam,Impossible 40% monthly return guarantee. Artificial scarcity. Closing slots urgency. Classic Ponzi recruitment pattern. No regulatory reference.
SA-CLS-5-S002,classification,5,Investment scams and Ponzi schemes,WhatsApp,"Classify the following message as scam, suspicious, or safe and briefly explain your reasoning.

Message: FX MASTERS AI TRADING: Our AI algorithm returned 67% profit last month across all member portfolios. ZERO losing trades in 18 months. Subscription: ₦15,000/month. Trades automatically copied to your account. 100% capital guaranteed. Only 200 slots remaining this month. DM to join now.",scam,classify_scam,Impossible zero-loss record. 100% capital guarantee. High monthly subscription. Artificial slot scarcity. AI trading bot Ponzi.
SA-CLS-5-S003,classification,5,Investment scams and Ponzi schemes,WhatsApp,"Classify the following message as scam, suspicious, or safe and briefly explain your reasoning.

Message: CAPITALVAULT UPDATE: Your withdrawal of ₦850,000 has been processed and is ready to be transferred to your bank account. However, CBN regulations require a 10% tax clearance fee of ₦85,000 to be remitted before investment withdrawals above ₦500,000 can be released. Pay to unlock your funds.",scam,classify_scam,Advance fee fraud embedded in investment scheme. Fake CBN regulation cited. Large withdrawal blocked by fee demand. Classic exit scam pattern.
SA-CLS-5-S004,classification,5,Investment scams and Ponzi schemes,WhatsApp,"Classify the following message as scam, suspicious, or safe and briefly explain your reasoning.

Message: PEARL INVESTMENT LIMITED is fully registered with the Securities and Exchange Commission of Nigeria (SEC No: SEC/INV/2026/0034). We offer capital-guaranteed returns of 30% every quarter. No risk. Minimum investment ₦50,000. Join over 3,000 members earning today. WhatsApp: 0901XXXXXXX.",scam,classify_scam,Fabricated SEC registration number. Impossible 30% quarterly capital-guaranteed returns. WhatsApp-only contact. Unverifiable member count.
SA-CLS-5-S005,classification,5,Investment scams and Ponzi schemes,WhatsApp,"Classify the following message as scam, suspicious, or safe and briefly explain your reasoning.

Message: Are you a retired civil servant or pensioner looking to grow your gratuity? GOLDENVAULT COOPERATIVE offers guaranteed returns of 25% per annum on any amount. 100% safe and CBN-approved. Over 2,000 retirees already earning. Minimum: ₦100,000. WhatsApp: 0808XXXXXXX today.",scam,classify_scam,Retirement savings targeting. False CBN approval claim. 25% guaranteed return is unsustainable. WhatsApp-only contact. Retiree vulnerability exploitation.
SA-CLS-5-S006,classification,5,Investment scams and Ponzi schemes,WhatsApp,"Classify the following message as scam, suspicious, or safe and briefly explain your reasoning.

Message: EARN ₦50,000 MONTHLY DOING NOTHING. Join our investment cooperative: 50% returns in 3 months GUARANTEED. PLUS ₦5,000 for every person you refer. 1,200+ members already paid. Send ₦30,000 joining fee to GTBank 0123456789 (Prosperity Cooperative Ltd). Limited slots remaining!",scam,classify_scam,Joining fee collection via bank account. 50% quarterly return is impossible. Referral Ponzi structure. Peer recruitment incentive. Limited slots urgency.
SA-CLS-5-U001,classification,5,Investment scams and Ponzi schemes,WhatsApp,"Classify the following message as scam, suspicious, or safe and briefly explain your reasoning.

Message: Hello, I hope you are well. I recently started something that has been going well for me financially. It is a CBN-regulated savings cooperative that has been returning about 12% per annum on deposits. Fully insured. I am not pushing it but thought I would mention it in case you are interested.",suspicious,classify_suspicious,12% per annum is plausible for Nigerian money market rates. Low-key referral approach is a social engineering technique to lower defences. CBN-regulated cooperative is a real category but cannot be verified. Unsolicited WhatsApp pitch.
SA-CLS-5-U002,classification,5,Investment scams and Ponzi schemes,WhatsApp,"Classify the following message as scam, suspicious, or safe and briefly explain your reasoning.

Message: PROFITABLE FARMS INVESTMENT: We are a registered agricultural cooperative investing in poultry, fish farming and crop cultivation across 5 states. Returns of 15% per quarter distributed to all members. SEC Registration: pending. Minimum investment ₦30,000. Contact us for an optional farm visit.",suspicious,classify_suspicious,"Agricultural cooperative investments exist legitimately. Farm visit offer is social proof technique. However, 15% quarterly is very high. SEC Registration pending is a significant red flag. WhatsApp contact only."
SA-CLS-5-U003,classification,5,Investment scams and Ponzi schemes,WhatsApp,"Classify the following message as scam, suspicious, or safe and briefly explain your reasoning.

Message: Dear valued member, your cooperative quarterly dividend of ₦45,000 has been processed and will be credited to your account within 3 business days. To ensure your bank details are still current, please reply with your account number and bank name so we can confirm the payment destination.",suspicious,classify_suspicious,"Dividend notification to an existing member could be legitimate. However, asking to confirm bank account details via WhatsApp reply is unusual and potentially account detail harvesting under the guise of a routine payment confirmation."
SA-CLS-5-U004,classification,5,Investment scams and Ponzi schemes,WhatsApp,"Classify the following message as scam, suspicious, or safe and briefly explain your reasoning.

Message: PALACE CAPITAL INVESTMENT: Q1 2026 returns of 18% have been declared for all members. Payout commences June 13. If you have not registered your payout account, visit our offices in Lagos (VI), Abuja (Wuse) or Port Harcourt (GRA) with your membership ID and a valid ID card.",suspicious,classify_suspicious,18% quarterly return is very high. In-person office visit adds false legitimacy. Palace Capital Investment is not a recognisable regulated entity. Physical offices and membership ID requirements are social engineering legitimacy signals.
SA-CLS-5-U005,classification,5,Investment scams and Ponzi schemes,WhatsApp,"Classify the following message as scam, suspicious, or safe and briefly explain your reasoning.

Message: Bro, have you heard about the new agro-investment platform backed by a Dangote Group subsidiary? They are offering 20% annual returns. My cousin invested ₦200,000 last month and just received his first interest payment last week. Let me send you the details if you are interested.",suspicious,classify_suspicious,Peer-to-peer referral with family testimonial is classic Ponzi recruitment. Dangote Group subsidiary claim cannot be easily verified. 20% annual is high. Informal referral lowers suspicion. Request to send details is an opening gambit.
SA-CLS-5-U006,classification,5,Investment scams and Ponzi schemes,WhatsApp,"Classify the following message as scam, suspicious, or safe and briefly explain your reasoning.

Message: Good afternoon. I manage a real estate investment cooperative with commercial properties in Lekki and Abuja. We pool member funds to acquire and let properties and pay quarterly dividends of 8-12% depending on occupancy rates. Fully registered with CAC. Would you like more details?",suspicious,classify_suspicious,Real estate cooperative is a legitimate model in Nigeria. 8-12% quarterly is very high for property yields. CAC registration alone is insufficient for investment schemes. Unsolicited WhatsApp pitch is a red flag. Could be legitimate or a Ponzi with a real estate veneer.
SA-CLS-6-F001,classification,6,Fake loan app scams,SMS,"Classify the following message as scam, suspicious, or safe and briefly explain your reasoning.

Message: Branch: Your loan of ₦80,000 has been approved and credited to your account ending ***4521. First repayment of ₦28,500 is due in 30 days. Open the Branch app to view your full repayment schedule. No hidden fees.",safe,classify_safe,Branch International is a real regulated lender. Specific disbursement amount and first repayment date. No fee before disbursement. Directs to official app. No credential request.
SA-CLS-6-F002,classification,6,Fake loan app scams,SMS,"Classify the following message as scam, suspicious, or safe and briefly explain your reasoning.

Message: Carbon: Friendly reminder: your loan repayment of ₦15,500 is due on June 13. Ensure your linked GTBank account has sufficient funds before 11:59pm. Avoid late charges by paying on time. Manage in the Carbon app.",safe,classify_safe,Carbon Finance is a real lender. Repayment reminder is a legitimate communication. No advance fee request. Directs to official app. No link. Standard pre-due-date reminder.
SA-CLS-6-F003,classification,6,Fake loan app scams,SMS,"Classify the following message as scam, suspicious, or safe and briefly explain your reasoning.

Message: FairMoney: Your June 2026 account statement is ready. Active loan: 1 | Outstanding balance: ₦55,200 | Last payment: Jun 10 ₦18,400 | Next due: in 30 days. View your full statement in the FairMoney app or at fairmoney.ng.",safe,classify_safe,FairMoney is a real Nigerian lender. Standard loan statement with balance and payment history. Real FairMoney domain. No credential request. No fee. Directs to official app and website.
SA-CLS-6-F004,classification,6,Fake loan app scams,SMS,"Classify the following message as scam, suspicious, or safe and briefly explain your reasoning.

Message: RenMoney: Based on your repayment history, you may be eligible for a personal loan of up to ₦500,000 at 2.5% per month. To check your eligibility, open the RenMoney app. No commitment required. Interest rate: 2.5% per month (30% per annum). renmoney.com",safe,classify_safe,RenMoney is a real regulated lender. 2.5% monthly rate is clearly disclosed. Real RenMoney domain. No upfront fee. Directs to official app. Pre-approval offer with disclosed terms is standard marketing practice.
SA-CLS-6-F005,classification,6,Fake loan app scams,SMS,"Classify the following message as scam, suspicious, or safe and briefly explain your reasoning.

Message: LAPO Microfinance Bank: Your group loan repayment of ₦5,000 for June is due on June 13. Pay at any LAPO branch, via mobile banking, or ask your group leader. For assistance, call 0807-XXXXXXX. Thank you for banking with LAPO.",safe,classify_safe,LAPO is a real regulated microfinance bank. Group loan structure is a real LAPO product. Multiple legitimate payment channels provided. No advance fee. No link. No credential request.
SA-CLS-6-S001,classification,6,Fake loan app scams,SMS,"Classify the following message as scam, suspicious, or safe and briefly explain your reasoning.

Message: QUICKNAIRA LOAN: Congratulations! You have been pre-approved for ₦200,000 instant loan. No collateral. No guarantor needed. Get funds in 5 minutes. To activate your loan, pay ₦4,000 processing fee to GTBank 0123456789 (QuickNaira Finance Ltd). Send receipt to 0812XXXXXXX. Offer expires in 2 hours.",scam,classify_scam,Advance processing fee before disbursement. Unregulated platform. 5-minute disbursement claim is implausible. 2-hour urgency trigger. No collateral promise.
SA-CLS-6-S002,classification,6,Fake loan app scams,SMS,"Classify the following message as scam, suspicious, or safe and briefly explain your reasoning.

Message: NAIRASWIFT CREDIT: Your loan application has been reviewed. Unfortunately your credit score of 410 does not meet our minimum requirement. For ₦2,500, our credit bureau partner will update your score within 24 hours and automatically approve your loan. Pay to Access Bank 0765432109 (NairaSwift Credit Services).",scam,classify_scam,Credit score manipulation fee. Credit bureaus do not operate this way. Advance fee for loan approval. Bank account payment instruction. Secondary fraud after rejection.
SA-CLS-6-S003,classification,6,Fake loan app scams,WhatsApp,"Classify the following message as scam, suspicious, or safe and briefly explain your reasoning.

Message: FASTCASH NG RECOVERY: Your loan is 35 DAYS OVERDUE. Outstanding balance: ₦89,500 (including penalty charges). You have 6 HOURS to pay or we will IMMEDIATELY contact your employer, family members and ALL contacts in your phone. We have your complete contact list. This is your FINAL warning.",scam,classify_scam,Contact list shaming threat. Employer and family harassment. 6-hour ultimatum. Disproportionate penalty charges. Illegal debt collection practice.
SA-CLS-6-S004,classification,6,Fake loan app scams,WhatsApp,"Classify the following message as scam, suspicious, or safe and briefly explain your reasoning.

Message: SPEEDLOAN NG: You took ₦25,000 on March 12 and have REFUSED to pay despite multiple reminders. We have your complete contact list including your family, colleagues, pastor and neighbours. We are broadcasting your photo and debt details to ALL of them in 2 hours unless you pay ₦45,000 NOW.",scam,classify_scam,"Public shaming and defamation threat. Photo broadcasting. Contact list exploitation. Disproportionate ₦45,000 demand for ₦25,000 loan. Illegal harassment."
SA-CLS-6-S005,classification,6,Fake loan app scams,SMS,"Classify the following message as scam, suspicious, or safe and briefly explain your reasoning.

Message: NAIRABOOST FINANCE: CONGRATULATIONS! Your ₦500,000 business loan application has been APPROVED! To activate your loan account and receive disbursement, pay a one-time account opening fee of ₦7,500 to First Bank 3456789012 (NairaBoost Finance Ltd). Send payment receipt and receive funds in 10 minutes.",scam,classify_scam,Account opening advance fee for approved loan. 10-minute disbursement is implausible. Unverifiable lending company. Bank account payment for fee before any funds received.
SA-CLS-6-U001,classification,6,Fake loan app scams,SMS,"Classify the following message as scam, suspicious, or safe and briefly explain your reasoning.

Message: CARBON FINANCE: Your loan repayment of ₦15,500 is due on June 13. To avoid a late fee, ensure your linked account has sufficient funds by 11:59pm. For assistance, visit app.getcarbon.co or call 0700-CARBON-0. Your loan account is in good standing.",suspicious,classify_suspicious,"Carbon Finance is a real lender. app.getcarbon.co looks close to legitimate. However, 0700-CARBON-0 is not Carbon's actual contact number. Slight discrepancy in contact number makes this suspicious rather than safe."
SA-CLS-6-U002,classification,6,Fake loan app scams,WhatsApp,"Classify the following message as scam, suspicious, or safe and briefly explain your reasoning.

Message: Hello, I am from FairMoney loan support. We noticed your loan repayment was declined twice due to insufficient funds in your linked account. To avoid additional late charges, could you update your repayment bank account details with us? Our records show your current linked account may have changed.",suspicious,classify_suspicious,"FairMoney is a real Nigerian lender. Contacting borrowers about declined repayments is legitimate. However, asking to update repayment account details via WhatsApp is unusual and potentially a bank account harvesting attempt under legitimate pretext."
SA-CLS-6-U003,classification,6,Fake loan app scams,SMS,"Classify the following message as scam, suspicious, or safe and briefly explain your reasoning.

Message: RENMONEY FINANCE: Your loan application has been reviewed and progressed to the final verification stage. To complete processing, log into the RenMoney app and upload 3 months of recent bank statements under Documents. Your application will be reviewed within 48 hours of document submission.",suspicious,classify_suspicious,"RenMoney is a real Nigerian lender. Requesting bank statements is a legitimate loan requirement. However, an unsolicited SMS about a loan application progressing without prior confirmed application is unusual. Could be a phishing setup."
SA-CLS-6-U004,classification,6,Fake loan app scams,SMS,"Classify the following message as scam, suspicious, or safe and briefly explain your reasoning.

Message: BRANCH INTERNATIONAL: Based on your repayment history, your Branch loan limit has been increased to ₦150,000. To access this credit, open the Branch app and apply from your updated limit. Interest rate: 1.5% per month. No hidden fees. Offer valid for 30 days.",suspicious,classify_suspicious,"Branch International is a real lender. 1.5% monthly is a reasonable microfinance rate. However, an unsolicited credit limit increase SMS is a technique to encourage borrowing. Directs to official app. Borderline suspicious due to marketing intent."
SA-CLS-6-U005,classification,6,Fake loan app scams,SMS,"Classify the following message as scam, suspicious, or safe and briefly explain your reasoning.

Message: PALMCREDIT: Your loan repayment of ₦8,200 was due June 10 and remains outstanding. Your balance is now ₦9,850 including a late fee. To clear your balance and avoid further charges, pay through the PalmCredit app or dial *737# to pay via USSD. For disputes, call 0700-PALMPAY.",suspicious,classify_suspicious,"*737# is a real USSD banking code. PalmCredit is a real product. However, 0700-PALMPAY is PalmPay's contact rather than a specific PalmCredit line. Late fee of ₦1,650 on ₦8,200 loan is disproportionately high. Slightly off contact number raises suspicion."
SA-CLS-6-U006,classification,6,Fake loan app scams,WhatsApp,"Classify the following message as scam, suspicious, or safe and briefly explain your reasoning.

Message: Hi, this is a reminder from your lending partner QuickCheck Nigeria. Your loan is approaching maturity and you have an outstanding balance of ₦55,000. We are offering a one-time 20% settlement discount if you settle in full by June 13. Contact our team to process your settlement today.",suspicious,classify_suspicious,"Settlement discounts are a real debt collection practice. QuickCheck is a real Nigerian lending platform. However, WhatsApp contact offering a settlement discount rather than official app or email notification is unusual for a regulated lender."
SA-CLS-7-F001,classification,7,Fake job offer scams,SMS,"Classify the following message as scam, suspicious, or safe and briefly explain your reasoning.

Message: Your application for Customer Experience Officer at Guaranty Trust Bank has been received and is under review. Shortlisted candidates will be contacted within 14 business days via the email address used to apply. GTBank does not charge fees at any stage of our recruitment process.",safe,classify_safe,Application acknowledgment from a real company. Explicit statement that no fees are charged. Contact via registered email. Standard legitimate recruitment communication.
SA-CLS-7-F002,classification,7,Fake job offer scams,WhatsApp,"Classify the following message as scam, suspicious, or safe and briefly explain your reasoning.

Message: Congratulations on your successful interview for the Software Engineer role at Interswitch Group. We are pleased to offer you a position with a starting salary of ₦450,000 per month. Your offer letter has been sent to your registered email address. Please respond within 5 business days. No fees apply at any stage.",safe,classify_safe,Real company (Interswitch). Offer letter sent to registered email. Explicit no-fees statement. Specific salary. Standard legitimate job offer communication.
SA-CLS-7-F003,classification,7,Fake job offer scams,SMS,"Classify the following message as scam, suspicious, or safe and briefly explain your reasoning.

Message: Nigerian Breweries Plc: This is to confirm receipt of your graduate trainee application submitted via nbplc.com. Applications close June 13. Shortlisted candidates will be contacted by email only. We do not charge application fees and will never request payment at any stage.",safe,classify_safe,Real company (Nigerian Breweries). Application acknowledgment from official portal. Email-only contact for shortlisted candidates. Explicit no-fee statement. Standard legitimate recruitment acknowledgment.
SA-CLS-7-F004,classification,7,Fake job offer scams,SMS,"Classify the following message as scam, suspicious, or safe and briefly explain your reasoning.

Message: Stanbic IBTC Bank: Your application for Business Banker has been shortlisted. A panel interview is scheduled for June 13 at our Victoria Island office at 10:00am. Please bring 2 copies of your CV, academic certificates and a valid ID. Confirmation sent to your registered email.",safe,classify_safe,Real company (Stanbic IBTC). In-person interview at specific office address. No fee request. Standard documents required. Confirmation via registered email. Standard legitimate interview invitation.
SA-CLS-7-F005,classification,7,Fake job offer scams,SMS,"Classify the following message as scam, suspicious, or safe and briefly explain your reasoning.

Message: MTN Nigeria Communications: Your application for Network Engineer has progressed to the technical assessment stage. A link to the assessment has been sent to your registered email. The assessment window is June 11-13. No fees apply at any stage of MTN recruitment.",safe,classify_safe,Real company (MTN Nigeria). Assessment link sent to registered email (not WhatsApp). No fee statement. Time-bound assessment window is standard. Legitimate stage-gate recruitment communication.
SA-CLS-7-F006,classification,7,Fake job offer scams,WhatsApp,"Classify the following message as scam, suspicious, or safe and briefly explain your reasoning.

Message: From Dangote Group HR: Your application for Graduate Engineer Trainee has been successful. Please report to the Dangote Industrial Complex, Ikoyi within two weeks with your academic credentials, 4 passport photographs and a valid government ID. Your appointment letter has been sent to your registered email. Important: Do not pay any fees to any individual claiming to represent Dangote Group.",safe,classify_safe,Real company (Dangote Group). Specific reporting address. Documents required are standard. Offer letter via registered email. Explicit warning against fee payments is a hallmark of a legitimate offer that is aware of associated scams.
SA-CLS-7-F007,classification,7,Fake job offer scams,SMS,"Classify the following message as scam, suspicious, or safe and briefly explain your reasoning.

Message: Standard Chartered Bank: Thank you for attending the interview for Relationship Manager on June 12. We are pleased to inform you that you have been selected to proceed to the final assessment stage. Full details have been sent to your registered email address. Standard Chartered does not charge fees at any stage of our recruitment.",safe,classify_safe,Real company (Standard Chartered). Advance through interview stages. Details via registered email. No fee statement. Standard legitimate multi-stage recruitment communication.
SA-CLS-7-S001,classification,7,Fake job offer scams,WhatsApp,"Classify the following message as scam, suspicious, or safe and briefly explain your reasoning.

Message: SHELL PETROLEUM DEVELOPMENT COMPANY (SPDC) RECRUITMENT 2026: Hiring Field Engineers and Technicians (₦750,000/month + benefits + housing). Deadline: June 13. Submit CV and pay ₦12,000 application processing fee to GTBank 0876543210 (SPDC HR Department). Shortlisted candidates notified within 7 days.",scam,classify_scam,Application processing fee demand. Real company impersonation (SPDC). Legitimate companies never charge application fees. WhatsApp recruitment for formal company is unusual.
SA-CLS-7-S002,classification,7,Fake job offer scams,WhatsApp,"Classify the following message as scam, suspicious, or safe and briefly explain your reasoning.

Message: URGENT HIRING NATIONWIDE: 50 data entry operators needed for remote work immediately. Pay: ₦150,000/month. No experience required. Work from home. To apply, pay ₦3,500 registration fee to Access Bank 0765432109 (WorkFromHome Nigeria Ltd). Send receipt to 0812XXXXXXX on WhatsApp to begin.",scam,classify_scam,Registration fee demand via bank account. No-experience high-salary offer. WhatsApp-only recruitment. Payment required before any interview.
SA-CLS-7-S003,classification,7,Fake job offer scams,WhatsApp,"Classify the following message as scam, suspicious, or safe and briefly explain your reasoning.

Message: Congratulations on passing our screening. Your application for Content Moderator at TechGiant Europe (Remote, €2,800/month) is successful. To proceed with onboarding, purchase ₦25,000 worth of iTunes gift cards and send the codes to hr@techgiant-europe-recruit.com. Contract and start date will follow confirmation.",scam,classify_scam,Gift card payment demand. Lookalike corporate email domain. No legitimate employer requests gift cards. Upfront payment for job onboarding is a major red flag.
SA-CLS-7-S004,classification,7,Fake job offer scams,WhatsApp,"Classify the following message as scam, suspicious, or safe and briefly explain your reasoning.

Message: NIGERIAN IMMIGRATION SERVICE 2026 RECRUITMENT: You have been shortlisted for Immigration Control Officer (₦320,000/month). Report to NIS HQ with this letter and bank teller showing ₦35,000 paid to Zenith Bank 1234567890 (NIS Staff Welfare Fund) for medical examination and security clearance.",scam,classify_scam,Government agency impersonation (NIS). Clearance fee to bank account. Real government recruitment never requires advance fee payments to personal accounts.
SA-CLS-7-S005,classification,7,Fake job offer scams,WhatsApp,"Classify the following message as scam, suspicious, or safe and briefly explain your reasoning.

Message: UNITED NATIONS DEVELOPMENT PROGRAMME: You have been selected for a Paid Volunteer role in Geneva, Switzerland ($2,200/month + free accommodation + return flight). To proceed, pay ₦75,000 covering visa processing and mandatory training materials to GTBank 0987651234 (UNDP Nigeria Volunteer Support Fund).",scam,classify_scam,UN agency impersonation. Large visa and training fee. Legitimate UN programmes never request advance fee payments. High salary volunteer role is contradictory.
SA-CLS-7-U001,classification,7,Fake job offer scams,WhatsApp,"Classify the following message as scam, suspicious, or safe and briefly explain your reasoning.

Message: Good afternoon. I am a recruiter reaching out on behalf of a Lagos-based fintech startup looking for a Customer Success Manager. The role is fully remote at ₦180,000 per month with benefits. No application fees required at any stage. Would you be open to a brief conversation about the opportunity?",suspicious,classify_suspicious,"No upfront fee is a positive sign. However, unsolicited WhatsApp from an unknown recruiter with no company name and a specific salary is suspicious. Legitimate recruiters typically reach out via LinkedIn or email from verifiable accounts."
SA-CLS-7-U002,classification,7,Fake job offer scams,WhatsApp,"Classify the following message as scam, suspicious, or safe and briefly explain your reasoning.

Message: We found your profile on Jobberman and would like to invite you for an interview for a Business Development Analyst role at our Lagos office. Salary range: ₦200,000-₦250,000. The interview will be via Google Meet. Please confirm your availability for June 13 between 10am and 2pm.",suspicious,classify_suspicious,"Reference to Jobberman adds legitimacy. Salary range is realistic. Google Meet interview is common. However, no company name, contact via WhatsApp from unknown number rather than official email, and no other contact details are all amber flags."
SA-CLS-7-U003,classification,7,Fake job offer scams,SMS,"Classify the following message as scam, suspicious, or safe and briefly explain your reasoning.

Message: CONGRATULATIONS: Your application to the TotalEnergies Nigeria Graduate Trainee Programme 2026 has been shortlisted. A virtual panel interview is scheduled for June 13. To confirm your attendance, reply YES and provide your full name and the email address used in your application.",suspicious,classify_suspicious,TotalEnergies is a real company with a real graduate programme. Contact via SMS for interview scheduling is unusual (typically done via email). Asking for personal details via SMS reply is slightly concerning. No fee request but unusual channel.
SA-CLS-7-U004,classification,7,Fake job offer scams,WhatsApp,"Classify the following message as scam, suspicious, or safe and briefly explain your reasoning.

Message: Hello, your profile was recommended to us by a mutual contact. We are a technology company hiring for data annotation and AI training roles. Pay is $500 per month (approximately ₦400,000). No experience required. Full training provided. No upfront payment needed. Send your CV to this WhatsApp number to apply.",suspicious,classify_suspicious,$500/month for unskilled remote work is unusually high. Mutual contact referral is a social engineering technique. No upfront payment mention shows awareness of scam accusations. Sending CV to WhatsApp is informal for a legitimate tech company.
SA-CLS-7-U005,classification,7,Fake job offer scams,WhatsApp,"Classify the following message as scam, suspicious, or safe and briefly explain your reasoning.

Message: Good day. I am reaching out from the HR department of Guaranty Trust Holding Company (GTCO). We are recruiting for our Technology and Innovation division and your profile has been flagged for consideration. The role offers ₦350,000 monthly. Can you share your CV for our team to review?",suspicious,classify_suspicious,"GTCO is a real company. ₦350,000 for technology is plausible. However, GTCO HR would reach out via official email not WhatsApp from an unverified number. No official contact details or job reference provided. First step in potential scam recruitment."
SA-CLS-7-U006,classification,7,Fake job offer scams,WhatsApp,"Classify the following message as scam, suspicious, or safe and briefly explain your reasoning.

Message: Following your successful interview, we are pleased to move you to the final stage for the Operations Manager role. Please note that all candidates at this stage are required to present a signed guarantor letter from their current or most recent employer before the appointment letter can be issued.",suspicious,classify_suspicious,"No company name, salary, or location given. Guarantor letter from current employer is an unusual pre-offer requirement. Could be a pretext to harvest employment details or create a pressure point that leads to a fee request in the next message."
SA-CLS-8-F001,classification,8,Government and relief fund impersonation,SMS,"Classify the following message as scam, suspicious, or safe and briefly explain your reasoning.

Message: JAMB: Your 2026 UTME result is available on the JAMB e-Facility portal at efacility.jamb.gov.ng. Log in with your registration number and date of birth. JAMB does not charge fees to access results. Any person requesting payment for results or admission processing is a fraudster.",safe,classify_safe,JAMB is the real examination body. efacility.jamb.gov.ng is the real JAMB portal (official .gov.ng domain). Explicit anti-fraud warning. No credential request beyond JAMB's own login. No fee for results.
SA-CLS-8-F002,classification,8,Government and relief fund impersonation,SMS,"Classify the following message as scam, suspicious, or safe and briefly explain your reasoning.

Message: FIRS: Your tax payment of ₦450,000 for Company Income Tax FY 2025 has been received and acknowledged. TCC processing takes 21 working days. Reference: FIRS/CIT/2026/0034521. For queries, visit firs.gov.ng or call 0800-FIRS-247.",safe,classify_safe,FIRS is the real Federal Inland Revenue Service. Official .gov.ng domain. Real FIRS contact format. Tax payment acknowledgment with reference number. No link to external site. Standard government payment confirmation.
SA-CLS-8-F003,classification,8,Government and relief fund impersonation,SMS,"Classify the following message as scam, suspicious, or safe and briefly explain your reasoning.

Message: NIMC: Your National Identification Number (NIN) 72345XXXXX has been successfully enrolled and linked to your details. Your NIN slip has been sent to your registered email. For a physical copy, visit any NIMC Enrolment Centre with a valid ID. No fees apply for NIN enrolment.",safe,classify_safe,NIMC is the real national ID agency. NIN enrolment confirmation. Directs to enrolment centres. No fee statement. No link or credential request. Confirms a completed government service.
SA-CLS-8-F004,classification,8,Government and relief fund impersonation,SMS,"Classify the following message as scam, suspicious, or safe and briefly explain your reasoning.

Message: NHIS: Your National Health Insurance Scheme contributions are up to date as of June 2026. Your health insurance coverage remains active. For a list of accredited providers near you, visit nhis.gov.ng or call 09-904-5555. NHIS does not collect fees via SMS or phone.",safe,classify_safe,NHIS is a real scheme. Official .gov.ng domain. Real NHIS contact number. Explicit statement that NHIS does not collect fees via SMS. No credential request. Positive coverage status update.
SA-CLS-8-F005,classification,8,Government and relief fund impersonation,SMS,"Classify the following message as scam, suspicious, or safe and briefly explain your reasoning.

Message: Lagos Internal Revenue Service (LIRS): Your 2025 Personal Income Tax assessment of ₦85,000 has been issued. Payment can be made via the LIRS portal at lirs.gov.ng, at any designated commercial bank, or at the LIRS office at 15 Sokode Crescent, Wuse 2, Abuja. Payment deadline: June 13.",safe,classify_safe,LIRS is the real Lagos tax authority. Official .gov.ng domain. Multiple legitimate payment channels. Specific office address. No link to external non-government site. Standard tax assessment notification.
SA-CLS-8-F006,classification,8,Government and relief fund impersonation,SMS,"Classify the following message as scam, suspicious, or safe and briefly explain your reasoning.

Message: CBN: The Central Bank of Nigeria does NOT distribute funds, palliatives, grants or forex benefits via SMS, WhatsApp or any social media platform. Any message claiming to be from CBN offering such benefits is FRAUDULENT. Report at cbn.gov.ng/reportfraud or call 07002255226.",safe,classify_safe,"Legitimate CBN fraud advisory. Real CBN portal domain. Real CBN fraud hotline. Explicitly warns against palliative, grant and forex benefit scams. Educational protective message. CBN issues these advisories as genuine public communications."
SA-CLS-8-S001,classification,8,Government and relief fund impersonation,SMS,"Classify the following message as scam, suspicious, or safe and briefly explain your reasoning.

Message: FEDERAL GOVERNMENT OF NIGERIA - RENEWED HOPE INITIATIVE: You have been selected to receive a ₦30,000 palliative payment. To receive funds, register at fgn-palliative-2026.com using your BVN and NIN. A nominal portal fee of ₦500 applies. Deadline: June 13. Only first 50,000 registrants will receive payment.",scam,classify_scam,Fake government domain. BVN and NIN harvesting. Portal fee advance fraud. Fake government programme impersonation. Artificial scarcity deadline.
SA-CLS-8-S002,classification,8,Government and relief fund impersonation,SMS,"Classify the following message as scam, suspicious, or safe and briefly explain your reasoning.

Message: NNPC SUBSIDY COMPENSATION PROGRAMME: As a registered Nigerian, you are eligible for a one-time payment of ₦75,000 under the Fuel Subsidy Removal Compensation Scheme. Register at nnpc-compensation.gov-ng.net before June 13 with your BVN, NIN and bank account details. Only first 10,000 registrants qualify.",scam,classify_scam,"Fake NNPC domain (gov-ng.net is not a valid government domain). BVN, NIN and bank detail harvesting. Large cash promise. Artificial scarcity trigger. NNPC impersonation."
SA-CLS-8-S003,classification,8,Government and relief fund impersonation,WhatsApp,"Classify the following message as scam, suspicious, or safe and briefly explain your reasoning.

Message: EFCC ENFORCEMENT: Your bank account has been linked to a suspicious fund movement of ₦4.5 million currently under investigation. To avoid immediate account freezing and possible prosecution, pay a legal clearance fee of ₦30,000 within 24 hours to GTBank 1122334455 (EFCC Recovery Fund). Ignoring this will result in arrest.",scam,classify_scam,EFCC impersonation. Legal clearance fee demand. Prosecution and arrest threat. EFCC does not request payments via SMS. Fear-based advance fee fraud.
SA-CLS-8-S004,classification,8,Government and relief fund impersonation,WhatsApp,"Classify the following message as scam, suspicious, or safe and briefly explain your reasoning.

Message: JAMB 2026: Your UTME score has been reviewed and upgraded to 289. You have been provisionally offered admission to UNILAG for Medicine and Surgery. To confirm this admission, pay ₦18,000 upgrade fee to First Bank 2233445566 (JAMB Administration Fund). Offer expires in 48 hours.",scam,classify_scam,JAMB score manipulation fee. JAMB impersonation. Admission upgrade for payment is a known scam. Legitimate admissions never require advance fee. 48-hour deadline.
SA-CLS-8-S005,classification,8,Government and relief fund impersonation,WhatsApp,"Classify the following message as scam, suspicious, or safe and briefly explain your reasoning.

Message: CBN DOLLAR WINDFALL PROGRAMME: The Central Bank of Nigeria is distributing $500 in naira equivalent (₦800,000 at current rate) to 5,000 eligible Nigerians following recent foreign exchange reforms. To claim, register at cbn-forex-benefit.ng with your BVN, NIN and bank account. Processing fee: ₦1,500.",scam,classify_scam,"CBN impersonation. Fake forex windfall programme. BVN, NIN and bank detail harvesting plus processing fee. CBN does not distribute funds via SMS. Too-good-to-be-true claim."
SA-CLS-8-U001,classification,8,Government and relief fund impersonation,WhatsApp,"Classify the following message as scam, suspicious, or safe and briefly explain your reasoning.

Message: The Federal Ministry of Social Development and Poverty Alleviation is conducting a nationwide welfare needs assessment. Households that complete our survey will be considered for the upcoming Social Investment Fund disbursement. The survey takes 5 minutes. Reply YES to receive the link.",suspicious,classify_suspicious,Ministry name is not the actual current name of the relevant ministry. Linking a welfare survey to fund disbursement is a persuasion technique. Reply YES to receive a link is a classic social engineering trigger to initiate the next stage.
SA-CLS-8-U002,classification,8,Government and relief fund impersonation,SMS,"Classify the following message as scam, suspicious, or safe and briefly explain your reasoning.

Message: NPOWER BENEFICIARY ALERT: Your June stipend of ₦30,000 has been delayed due to a system upgrade at the Bank of Industry. To receive your payment without further delay, update your bank details at npowerportal-update.ng before June 13. Existing beneficiaries must re-verify annually.",suspicious,classify_suspicious,"NPower is a real programme. Bank of Industry link is plausible. However, npowerportal-update.ng is not an official government domain (should be .gov.ng). Domain discrepancy combined with re-verification requirement are suspicious indicators."
SA-CLS-8-U003,classification,8,Government and relief fund impersonation,WhatsApp,"Classify the following message as scam, suspicious, or safe and briefly explain your reasoning.

Message: Good morning. I am contacting you from your local government area social welfare desk. We have been asked to identify households eligible for the new federal government poverty alleviation programme. Could you confirm your household size and approximate monthly income so we can assess your eligibility?",suspicious,classify_suspicious,Unsolicited WhatsApp contact from someone claiming to be a local government official. Collecting household and income data via WhatsApp is unusual. No credentials or official contact details. Could be a data harvesting probe or a pretext for a follow-up ask.
SA-CLS-8-U004,classification,8,Government and relief fund impersonation,SMS,"Classify the following message as scam, suspicious, or safe and briefly explain your reasoning.

Message: NIMC: Your NIN record shows an incomplete biometric capture from your initial enrolment. To receive your physical National Identification Card, please visit the nearest NIMC Enrolment Centre with your NIN slip and a valid ID before June 13. Bring two passport photographs.",suspicious,classify_suspicious,"NIMC is a real agency. Service centre visit is legitimate (no link). Incomplete biometric records exist as a real issue. However, NIMC does not typically send proactive SMS about individual incomplete records. Format is slightly off from real NIMC communications."
SA-CLS-8-U005,classification,8,Government and relief fund impersonation,WhatsApp,"Classify the following message as scam, suspicious, or safe and briefly explain your reasoning.

Message: Hello, I am from the Office of the Senior Special Assistant to the President on SDGs. We are mapping beneficiaries for a new digital economy grant targeting Nigerian youth under 35. To be considered, please send your name, local government area, occupation and approximate monthly income. Selection will be communicated within 2 weeks.",suspicious,classify_suspicious,"OSSAP-SDGs is a real office. Digital economy grants for youth are real. However, collecting personal and financial data via WhatsApp from an unverified number is unusual for a government office. No official email, website or contact reference provided."
SA-CLS-8-U006,classification,8,Government and relief fund impersonation,SMS,"Classify the following message as scam, suspicious, or safe and briefly explain your reasoning.

Message: NHIS: Your National Health Insurance Scheme enrollment record shows incomplete information. To maintain your coverage and access NHIS benefits, complete your registration update at nhis.gov.ng or visit any NHIS-accredited hospital with your NIN and employee ID before June 13.",suspicious,classify_suspicious,"nhis.gov.ng is the real NHIS website. Service option is legitimate. However, unsolicited SMS about incomplete NHIS records is not standard NHIS practice. The deadline and coverage threat create pressure that is slightly unusual for a genuine administrative reminder."
